season,round,race_name,circuit_id,date,driver_id,constructor_id,grid,position,position_text,points,laps,status,is_podium,team_unified,rolling_form,season_points,team_form,circuit_history,teammate_delta,dnf_rate,grid_gain,career_races
2026,1,Australian Grand Prix,albert_park,2026-03-08,albon,williams,15,12,12,0.0,57,Lapped,0,williams,14.333333333333334,0.0,10.666666666666666,11.8,1.3253968253968254,0.171875,0.46875,128
2026,3,Japanese Grand Prix,suzuka,2026-03-29,albon,williams,17,20,20,0.0,51,Lapped,0,williams,13.0,0.0,12.333333333333334,13.8,1.3385826771653544,0.17054263565891473,0.4883720930232558,129
2026,4,Miami Grand Prix,miami,2026-05-03,albon,williams,15,10,10,1.0,57,Finished,0,williams,16.0,0.0,13.333333333333334,11.5,1.2890625,0.16923076923076924,0.46153846153846156,130
2026,5,Canadian Grand Prix,villeneuve,2026-05-24,albon,williams,18,21,R,0.0,11,Retired,0,williams,14.0,1.0,12.0,15.2,1.2713178294573644,0.16793893129770993,0.4961832061068702,131
2026,6,Monaco Grand Prix,monaco,2026-06-07,albon,williams,11,8,8,4.0,78,Finished,0,williams,17.0,1.0,14.0,11.6,1.1692307692307693,0.17424242424242425,0.4696969696969697,132
2026,7,Barcelona Grand Prix,catalunya,2026-06-14,albon,williams,18,18,R,0.0,55,Lapped,0,williams,13.0,5.0,12.166666666666666,15.0,1.2213740458015268,0.17293233082706766,0.48872180451127817,133
2026,8,Austrian Grand Prix,red_bull_ring,2026-06-28,albon,williams,18,17,17,0.0,69,Lapped,0,williams,15.666666666666666,5.0,14.0,12.428571428571429,1.1666666666666667,0.17164179104477612,0.48507462686567165,134
2026,9,British Grand Prix,silverstone,2026-07-05,albon,williams,16,21,R,0.0,43,Retired,0,williams,14.333333333333334,5.0,15.166666666666666,10.0,1.1804511278195489,0.17037037037037037,0.4888888888888889,135
2026,10,Belgian Grand Prix,spa,2026-07-19,albon,williams,15,15,15,0.0,44,Finished,0,williams,18.666666666666668,5.0,17.5,8.833333333333334,1.1417910447761195,0.17647058823529413,0.4485294117647059,136
2026,11,Hungarian Grand Prix,hungaroring,2026-07-26,albon,williams,19,17,17,0.0,68,Lapped,0,williams,17.666666666666668,5.0,17.666666666666668,12.0,1.1407407407407408,0.17518248175182483,0.44525547445255476,137
2026,12,Dutch Grand Prix,zandvoort,2026-08-23,albon,williams,16,17,17,0.0,66,Retired,0,williams,17.666666666666668,5.0,17.333333333333332,9.75,1.1397058823529411,0.17391304347826086,0.45652173913043476,138
2026,13,Italian Grand Prix,monza,2026-09-06,albon,williams,20,17,17,0.0,52,Lapped,0,williams,16.333333333333332,5.0,16.5,8.8,1.1240875912408759,0.17985611510791366,0.4460431654676259,139
2026,14,Spanish Grand Prix,madring,2026-09-13,albon,williams,16,15,15,0.0,56,Lapped,0,williams,17.0,5.0,16.333333333333332,10.174242424242424,1.0869565217391304,0.17857142857142858,0.4642857142857143,140
2026,1,Australian Grand Prix,albert_park,2026-03-08,alonso,aston_martin,17,18,R,0.0,21,Retired,0,aston_martin,8.0,0.0,11.5,8.666666666666666,1.8197879858657244,0.18466898954703834,-0.06968641114982578,287
2026,2,Chinese Grand Prix,shanghai,2026-03-15,alonso,aston_martin,18,17,R,0.0,32,Retired,0,aston_martin,10.333333333333334,0.0,12.5,8.636363636363637,1.8098591549295775,0.1875,-0.07291666666666667,288
2026,3,Japanese Grand Prix,suzuka,2026-03-29,alonso,aston_martin,21,18,18,0.0,52,Lapped,0,aston_martin,13.666666666666666,0.0,14.333333333333334,10.615384615384615,1.8070175438596492,0.1903114186851211,-0.06920415224913495,289
2026,4,Miami Grand Prix,miami,2026-05-03,alonso,aston_martin,17,15,15,0.0,56,Lapped,0,aston_martin,17.666666666666668,0.0,18.166666666666668,9.5,1.8111888111888113,0.1896551724137931,-0.05862068965517241,290
2026,5,Canadian Grand Prix,villeneuve,2026-05-24,alonso,aston_martin,19,20,R,0.0,23,Retired,0,aston_martin,16.666666666666668,0.0,17.666666666666668,9.76923076923077,1.8118466898954704,0.18900343642611683,-0.05154639175257732,291
2026,6,Monaco Grand Prix,monaco,2026-06-07,alonso,aston_martin,21,10,10,1.0,78,Finished,0,aston_martin,17.666666666666668,0.0,17.666666666666668,9.076923076923077,1.7881944444444444,0.1917808219178082,-0.0547945205479452,292
2026,7,Barcelona Grand Prix,catalunya,2026-06-14,alonso,aston_martin,22,19,R,0.0,37,Retired,0,aston_martin,15.0,1.0,15.833333333333334,9.214285714285714,1.8096885813148789,0.19112627986348124,-0.017064846416382253,293
2026,8,Austrian Grand Prix,red_bull_ring,2026-06-28,alonso,aston_martin,21,18,18,0.0,68,Lapped,0,aston_martin,16.333333333333332,1.0,17.333333333333332,11.727272727272727,1.813793103448276,0.19387755102040816,-0.006802721088435374,294
2026,9,British Grand Prix,silverstone,2026-07-05,alonso,aston_martin,21,18,18,0.0,51,Lapped,0,aston_martin,15.666666666666666,1.0,17.666666666666668,7.928571428571429,1.8109965635738832,0.19322033898305085,0.003389830508474576,295
2026,10,Belgian Grand Prix,spa,2026-07-19,alonso,aston_martin,22,19,19,0.0,42,Lapped,0,aston_martin,18.333333333333332,1.0,19.166666666666668,11.357142857142858,1.8082191780821917,0.19256756756756757,0.013513513513513514,296
2026,11,Hungarian Grand Prix,hungaroring,2026-07-26,alonso,aston_martin,16,14,14,0.0,69,Lapped,0,aston_martin,18.333333333333332,1.0,18.833333333333332,5.714285714285714,1.8054607508532423,0.1919191919191919,0.02356902356902357,297
2026,12,Dutch Grand Prix,zandvoort,2026-08-23,alonso,aston_martin,18,9,9,2.0,71,Lapped,0,aston_martin,17.0,1.0,17.166666666666668,6.4,1.7959183673469388,0.1912751677852349,0.030201342281879196,298
2026,13,Italian Grand Prix,monza,2026-09-06,alonso,aston_martin,21,21,R,0.0,23,Retired,0,aston_martin,14.0,3.0,15.833333333333334,11.642857142857142,1.8271186440677967,0.19063545150501673,0.06020066889632107,299
2026,14,Spanish Grand Prix,madring,2026-09-13,alonso,aston_martin,17,17,17,0.0,55,Lapped,0,aston_martin,14.666666666666666,3.0,16.166666666666668,10.174242424242424,1.8175675675675675,0.19333333333333333,0.06,300
2026,1,Australian Grand Prix,albert_park,2026-03-08,antonelli,mercedes,2,2,2,18.0,58,Finished,1,mercedes,7.666666666666667,0.0,6.0,4.0,-5.291666666666667,0.16666666666666666,-1.0833333333333333,24
2026,2,Chinese Grand Prix,shanghai,2026-03-15,antonelli,mercedes,1,1,1,25.0,56,Finished,1,mercedes,7.333333333333333,18.0,5.666666666666667,6.0,-5.12,0.16,-1.04,25
2026,3,Japanese Grand Prix,suzuka,2026-03-29,antonelli,mercedes,1,1,1,25.0,53,Finished,1,mercedes,6.0,43.0,4.333333333333333,6.0,-4.884615384615385,0.15384615384615385,-1.0,26
2026,4,Miami Grand Prix,miami,2026-05-03,antonelli,mercedes,1,1,1,25.0,57,Finished,1,mercedes,1.3333333333333333,68.0,1.8333333333333333,6.0,-4.592592592592593,0.14814814814814814,-0.9629629629629629,27
2026,5,Canadian Grand Prix,villeneuve,2026-05-24,antonelli,mercedes,2,1,1,25.0,68,Finished,1,mercedes,1.0,93.0,2.1666666666666665,3.0,-4.321428571428571,0.14285714285714285,-0.9285714285714286,28
2026,6,Monaco Grand Prix,monaco,2026-06-07,antonelli,mercedes,1,1,1,25.0,78,Finished,1,mercedes,1.0,118.0,5.0,18.0,-3.5517241379310347,0.13793103448275862,-0.8620689655172413,29
2026,7,Barcelona Grand Prix,catalunya,2026-06-14,antonelli,mercedes,3,16,16,0.0,61,Retired,0,mercedes,1.0,143.0,6.333333333333333,18.0,-3.066666666666667,0.13333333333333333,-0.8333333333333334,30
2026,8,Austrian Grand Prix,red_bull_ring,2026-06-28,antonelli,mercedes,4,3,3,15.0,71,Finished,1,mercedes,6.0,143.0,8.5,19.0,-3.4193548387096775,0.16129032258064516,-1.2258064516129032,31
2026,9,British Grand Prix,silverstone,2026-07-05,antonelli,mercedes,1,15,15,0.0,52,Finished,0,mercedes,6.666666666666667,158.0,5.833333333333333,16.0,-3.375,0.15625,-1.15625,32
2026,10,Belgian Grand Prix,spa,2026-07-19,antonelli,mercedes,1,1,1,25.0,44,Finished,1,mercedes,11.333333333333334,158.0,6.5,16.0,-3.6666666666666665,0.15151515151515152,-1.5454545454545454,33
2026,11,Hungarian Grand Prix,hungaroring,2026-07-26,antonelli,mercedes,7,3,3,15.0,70,Finished,1,mercedes,6.333333333333333,183.0,7.333333333333333,10.0,-2.9411764705882355,0.14705882352941177,-1.5,34
2026,12,Dutch Grand Prix,zandvoort,2026-08-23,antonelli,mercedes,3,2,2,18.0,72,Finished,1,mercedes,6.333333333333333,198.0,8.333333333333334,16.0,-2.742857142857143,0.14285714285714285,-1.3428571428571427,35
2026,13,Italian Grand Prix,monza,2026-09-06,antonelli,mercedes,19,1,1,25.0,53,Finished,1,mercedes,2.0,216.0,6.333333333333333,9.0,-2.638888888888889,0.1388888888888889,-1.2777777777777777,36
2026,14,Spanish Grand Prix,madring,2026-09-13,antonelli,mercedes,2,1,1,25.0,57,Finished,1,mercedes,2.0,241.0,3.0,10.174242424242424,-2.5405405405405403,0.13513513513513514,-0.7567567567567568,37
2026,1,Australian Grand Prix,albert_park,2026-03-08,arvid_lindblad,rb,9,8,8,4.0,57,Lapped,0,rb,11.333333333333334,0.0,13.666666666666666,10.174242424242424,0.15447154471544716,0.16477272727272727,-0.03614457831325301,0
2026,2,Chinese Grand Prix,shanghai,2026-03-15,arvid_lindblad,rb,15,12,12,0.0,55,Lapped,0,rb,11.333333333333334,4.0,13.833333333333334,10.174242424242424,5.0,0.0,1.0,1
2026,3,Japanese Grand Prix,suzuka,2026-03-29,arvid_lindblad,rb,10,14,14,0.0,53,Finished,0,rb,11.333333333333334,4.0,12.5,10.174242424242424,0.0,0.0,2.0,2
2026,4,Miami Grand Prix,miami,2026-05-03,arvid_lindblad,rb,16,14,14,0.0,56,Lapped,0,rb,11.333333333333334,4.0,10.5,10.174242424242424,-1.6666666666666667,0.0,0.0,3
2026,6,Monaco Grand Prix,monaco,2026-06-07,arvid_lindblad,rb,15,6,6,8.0,78,Finished,0,rb,13.333333333333334,4.0,11.833333333333334,10.174242424242424,0.25,0.0,0.5,4
2026,7,Barcelona Grand Prix,catalunya,2026-06-14,arvid_lindblad,rb,11,9,9,2.0,65,Lapped,0,rb,11.333333333333334,12.0,9.833333333333334,10.174242424242424,0.0,0.0,2.2,5
2026,8,Austrian Grand Prix,red_bull_ring,2026-06-28,arvid_lindblad,rb,10,10,10,1.0,70,Lapped,0,rb,9.666666666666666,14.0,7.0,10.174242424242424,-0.16666666666666666,0.0,2.1666666666666665,6
2026,9,British Grand Prix,silverstone,2026-07-05,arvid_lindblad,rb,9,7,7,6.0,52,Finished,0,rb,8.333333333333334,15.0,7.833333333333333,10.174242424242424,-0.2857142857142857,0.0,1.8571428571428572,7
2026,10,Belgian Grand Prix,spa,2026-07-19,arvid_lindblad,rb,7,9,9,2.0,44,Finished,0,rb,8.666666666666666,21.0,8.166666666666666,10.174242424242424,-0.375,0.0,1.875,8
2026,11,Hungarian Grand Prix,hungaroring,2026-07-26,arvid_lindblad,rb,9,10,10,1.0,69,Lapped,0,rb,8.666666666666666,23.0,8.833333333333334,10.174242424242424,0.0,0.0,1.4444444444444444,9
2026,12,Dutch Grand Prix,zandvoort,2026-08-23,arvid_lindblad,rb,10,12,12,0.0,71,Lapped,0,rb,8.666666666666666,24.0,8.666666666666666,10.174242424242424,-0.2,0.0,1.2,10
2026,13,Italian Grand Prix,monza,2026-09-06,arvid_lindblad,rb,9,8,8,4.0,53,Finished,0,rb,10.333333333333334,24.0,10.333333333333334,10.174242424242424,-0.2727272727272727,0.0,0.9090909090909091,11
2026,14,Spanish Grand Prix,madring,2026-09-13,arvid_lindblad,rb,10,9,9,2.0,56,Lapped,0,rb,10.0,28.0,9.833333333333334,10.174242424242424,-0.08333333333333333,0.0,0.9166666666666666,12
2026,1,Australian Grand Prix,albert_park,2026-03-08,bearman,haas,12,7,7,6.0,57,Lapped,0,haas,13.666666666666666,0.0,12.0,14.0,0.8148148148148148,0.1111111111111111,2.4074074074074074,27
2026,2,Chinese Grand Prix,shanghai,2026-03-15,bearman,haas,10,5,5,10.0,56,Finished,0,haas,12.666666666666666,6.0,11.833333333333334,8.0,0.9285714285714286,0.10714285714285714,2.5,28
2026,3,Japanese Grand Prix,suzuka,2026-03-29,bearman,haas,18,22,R,0.0,20,Retired,0,haas,8.0,16.0,9.333333333333334,10.0,1.206896551724138,0.10344827586206896,2.586206896551724,29
2026,4,Miami Grand Prix,miami,2026-05-03,bearman,haas,12,11,11,0.0,56,Lapped,0,haas,11.333333333333334,16.0,11.5,19.0,0.7666666666666667,0.13333333333333333,2.3666666666666667,30
2026,5,Canadian Grand Prix,villeneuve,2026-05-24,bearman,haas,16,10,10,1.0,67,Lapped,0,haas,12.666666666666666,16.0,12.5,11.0,0.8064516129032258,0.12903225806451613,2.3225806451612905,31
2026,6,Monaco Grand Prix,monaco,2026-06-07,bearman,haas,19,20,R,0.0,27,Retired,0,haas,14.333333333333334,17.0,13.333333333333334,12.0,0.90625,0.125,2.4375,32
2026,7,Barcelona Grand Prix,catalunya,2026-06-14,bearman,haas,15,17,17,0.0,60,Retired,0,haas,13.666666666666666,17.0,12.833333333333334,17.0,0.5454545454545454,0.15151515151515152,2.3333333333333335,33
2026,8,Austrian Grand Prix,red_bull_ring,2026-06-28,bearman,haas,13,14,14,0.0,70,Lapped,0,haas,15.666666666666666,17.0,13.833333333333334,11.0,0.4117647058823529,0.17647058823529413,2.2058823529411766,34
2026,9,British Grand Prix,silverstone,2026-07-05,bearman,haas,13,12,12,0.0,52,Finished,0,haas,17.0,17.0,14.833333333333334,11.0,0.45714285714285713,0.17142857142857143,2.1142857142857143,35
2026,10,Belgian Grand Prix,spa,2026-07-19,bearman,haas,14,14,14,0.0,44,Finished,0,haas,14.333333333333334,17.0,14.166666666666666,11.0,0.4722222222222222,0.16666666666666666,2.0833333333333335,36
2026,11,Hungarian Grand Prix,hungaroring,2026-07-26,bearman,haas,17,19,19,0.0,68,Lapped,0,haas,13.333333333333334,17.0,14.333333333333334,20.0,0.5405405405405406,0.16216216216216217,2.027027027027027,37
2026,12,Dutch Grand Prix,zandvoort,2026-08-23,bearman,haas,20,21,R,0.0,2,Retired,0,haas,15.0,17.0,15.166666666666666,6.0,0.4473684210526316,0.15789473684210525,1.9210526315789473,38
2026,13,Italian Grand Prix,monza,2026-09-06,bearman,haas,11,15,15,0.0,53,Finished,0,haas,18.0,17.0,17.666666666666668,12.0,0.38461538461538464,0.1794871794871795,1.8461538461538463,39
2026,14,Spanish Grand Prix,madring,2026-09-13,bearman,haas,22,16,16,0.0,56,Lapped,0,haas,18.333333333333332,17.0,17.666666666666668,10.174242424242424,0.4,0.175,1.7,40
2026,1,Australian Grand Prix,albert_park,2026-03-08,bortoleto,audi,10,9,9,2.0,57,Lapped,0,sauber,13.666666666666666,0.0,12.833333333333334,16.0,-2.0434782608695654,0.20833333333333334,-0.041666666666666664,24
2026,3,Japanese Grand Prix,suzuka,2026-03-29,bortoleto,audi,9,13,13,0.0,53,Finished,0,sauber,11.0,2.0,10.0,19.0,-2.0434782608695654,0.2,0.0,25
2026,4,Miami Grand Prix,miami,2026-05-03,bortoleto,audi,21,12,12,0.0,56,Lapped,0,sauber,11.0,2.0,10.666666666666666,18.0,-2.0416666666666665,0.19230769230769232,-0.15384615384615385,26
2026,5,Canadian Grand Prix,villeneuve,2026-05-24,bortoleto,audi,13,13,13,0.0,66,Lapped,0,sauber,11.333333333333334,2.0,12.833333333333334,14.0,-1.68,0.18518518518518517,0.18518518518518517,27
2026,6,Monaco Grand Prix,monaco,2026-06-07,bortoleto,audi,16,11,11,0.0,78,Finished,0,sauber,12.666666666666666,2.0,13.333333333333334,14.0,-1.6538461538461537,0.17857142857142858,0.17857142857142858,28
2026,7,Barcelona Grand Prix,catalunya,2026-06-14,bortoleto,audi,12,11,11,0.0,64,Lapped,0,sauber,12.0,2.0,13.333333333333334,12.0,-1.5185185185185186,0.1724137931034483,0.3448275862068966,29
2026,8,Austrian Grand Prix,red_bull_ring,2026-06-28,bortoleto,audi,12,11,11,0.0,70,Lapped,0,sauber,11.666666666666666,2.0,13.333333333333334,8.0,-1.1428571428571428,0.16666666666666666,0.36666666666666664,30
2026,9,British Grand Prix,silverstone,2026-07-05,bortoleto,audi,11,8,8,4.0,52,Finished,0,sauber,11.0,2.0,13.0,18.0,-1.0689655172413792,0.16129032258064516,0.3870967741935484,31
2026,10,Belgian Grand Prix,spa,2026-07-19,bortoleto,audi,8,8,8,4.0,44,Finished,0,sauber,10.0,6.0,14.0,9.0,-0.5666666666666667,0.15625,0.46875,32
2026,11,Hungarian Grand Prix,hungaroring,2026-07-26,bortoleto,audi,14,11,11,0.0,69,Lapped,0,sauber,9.0,10.0,12.333333333333334,6.0,-0.3870967741935484,0.15151515151515152,0.45454545454545453,33
2026,12,Dutch Grand Prix,zandvoort,2026-08-23,bortoleto,audi,9,13,13,0.0,71,Lapped,0,sauber,9.0,10.0,11.833333333333334,15.0,-0.4375,0.14705882352941177,0.5294117647058824,34
2026,13,Italian Grand Prix,monza,2026-09-06,bortoleto,audi,10,11,11,0.0,53,Finished,0,sauber,10.666666666666666,10.0,10.333333333333334,8.0,-0.5757575757575758,0.14285714285714285,0.4,35
2026,14,Spanish Grand Prix,madring,2026-09-13,bortoleto,audi,12,13,13,0.0,56,Lapped,0,sauber,11.666666666666666,10.0,10.666666666666666,10.174242424242424,-0.5294117647058824,0.1388888888888889,0.3611111111111111,36
2026,1,Australian Grand Prix,albert_park,2026-03-08,bottas,cadillac,19,19,R,0.0,15,Retired,0,cadillac,15.666666666666666,0.0,11.333333333333334,8.0,-0.25609756097560976,0.11788617886178862,-0.8008130081300813,246
2026,2,Chinese Grand Prix,shanghai,2026-03-15,bottas,cadillac,19,13,13,0.0,55,Lapped,0,cadillac,16.0,0.0,11.333333333333334,8.25,-0.26720647773279355,0.1214574898785425,-0.7975708502024291,247
2026,3,Japanese Grand Prix,suzuka,2026-03-29,bottas,cadillac,20,19,19,0.0,52,Lapped,0,cadillac,16.666666666666668,0.0,11.333333333333334,9.4,-0.25806451612903225,0.12096774193548387,-0.7701612903225806,248
2026,4,Miami Grand Prix,miami,2026-05-03,bottas,cadillac,19,18,18,0.0,55,Lapped,0,cadillac,17.0,0.0,16.5,12.0,-0.26506024096385544,0.12048192771084337,-0.7630522088353414,249
2026,5,Canadian Grand Prix,villeneuve,2026-05-24,bottas,cadillac,21,16,16,0.0,64,Lapped,0,cadillac,16.666666666666668,0.0,16.333333333333332,6.5,-0.272,0.12,-0.756,250
2026,6,Monaco Grand Prix,monaco,2026-06-07,bottas,cadillac,20,21,R,0.0,15,Retired,0,cadillac,17.666666666666668,0.0,17.166666666666668,10.727272727272727,-0.26693227091633465,0.11952191235059761,-0.7330677290836654,251
2026,7,Barcelona Grand Prix,catalunya,2026-06-14,bottas,cadillac,20,21,R,0.0,15,Retired,0,cadillac,18.333333333333332,0.0,17.166666666666668,8.166666666666666,-0.2896825396825397,0.12301587301587301,-0.7341269841269841,252
2026,8,Austrian Grand Prix,red_bull_ring,2026-06-28,bottas,cadillac,20,22,R,0.0,2,Retired,0,cadillac,19.333333333333332,0.0,17.333333333333332,6.923076923076923,-0.31620553359683795,0.12648221343873517,-0.7351778656126482,253
2026,9,British Grand Prix,silverstone,2026-07-05,bottas,cadillac,18,16,16,0.0,52,Finished,0,cadillac,21.333333333333332,0.0,19.0,7.846153846153846,-0.3188976377952756,0.12992125984251968,-0.7401574803149606,254
2026,10,Belgian Grand Prix,spa,2026-07-19,bottas,cadillac,17,18,18,0.0,43,Lapped,0,cadillac,19.666666666666668,0.0,18.0,8.916666666666666,-0.3254901960784314,0.12941176470588237,-0.7294117647058823,255
2026,11,Hungarian Grand Prix,hungaroring,2026-07-26,bottas,cadillac,21,22,R,0.0,13,Retired,0,cadillac,18.666666666666668,0.0,18.666666666666668,11.083333333333334,-0.3125,0.12890625,-0.73046875,256
2026,12,Dutch Grand Prix,zandvoort,2026-08-23,bottas,cadillac,21,18,R,0.0,61,Retired,0,cadillac,18.666666666666668,0.0,18.666666666666668,13.75,-0.3151750972762646,0.13229571984435798,-0.7315175097276264,257
2026,13,Italian Grand Prix,monza,2026-09-06,bottas,cadillac,16,19,19,0.0,51,Lapped,0,cadillac,19.333333333333332,0.0,19.166666666666668,6.916666666666667,-0.32558139534883723,0.13565891472868216,-0.7170542635658915,258
2026,14,Spanish Grand Prix,madring,2026-09-13,bottas,cadillac,19,18,18,0.0,54,Lapped,0,cadillac,19.666666666666668,0.0,18.833333333333332,10.174242424242424,-0.3281853281853282,0.13513513513513514,-0.7258687258687259,259
2026,1,Australian Grand Prix,albert_park,2026-03-08,colapinto,alpine,16,14,14,0.0,56,Lapped,0,alpine,16.333333333333332,0.0,16.166666666666668,10.174242424242424,0.08,0.11538461538461539,1.1153846153846154,26
2026,2,Chinese Grand Prix,shanghai,2026-03-15,colapinto,alpine,12,10,10,1.0,55,Lapped,0,alpine,16.0,0.0,15.5,10.174242424242424,-0.07692307692307693,0.1111111111111111,1.1481481481481481,27
2026,3,Japanese Grand Prix,suzuka,2026-03-29,colapinto,alpine,15,16,16,0.0,53,Finished,0,alpine,14.666666666666666,1.0,13.166666666666666,10.174242424242424,-0.2222222222222222,0.10714285714285714,1.1785714285714286,28
2026,4,Miami Grand Prix,miami,2026-05-03,colapinto,alpine,8,7,7,6.0,57,Finished,0,alpine,13.333333333333334,1.0,10.5,10.174242424242424,-0.5357142857142857,0.10344827586206896,1.103448275862069,29
2026,5,Canadian Grand Prix,villeneuve,2026-05-24,colapinto,alpine,10,6,6,8.0,67,Lapped,0,alpine,11.0,7.0,11.166666666666666,13.0,-0.034482758620689655,0.1,1.1,30
2026,6,Monaco Grand Prix,monaco,2026-06-07,colapinto,alpine,14,14,14,0.0,78,Finished,0,alpine,9.666666666666666,15.0,10.833333333333334,13.0,0.03333333333333333,0.0967741935483871,1.1935483870967742,31
2026,7,Barcelona Grand Prix,catalunya,2026-06-14,colapinto,alpine,13,10,10,1.0,65,Lapped,0,alpine,9.0,15.0,10.5,15.0,-0.1935483870967742,0.09375,1.15625,32
2026,8,Austrian Grand Prix,red_bull_ring,2026-06-28,colapinto,alpine,16,15,15,0.0,70,Lapped,0,alpine,10.0,16.0,8.666666666666666,15.0,-0.28125,0.09090909090909091,1.2121212121212122,33
2026,9,British Grand Prix,silverstone,2026-07-05,colapinto,alpine,19,9,9,2.0,52,Finished,0,alpine,13.0,16.0,11.0,10.174242424242424,-0.3333333333333333,0.08823529411764706,1.2058823529411764,34
2026,10,Belgian Grand Prix,spa,2026-07-19,colapinto,alpine,11,10,10,1.0,44,Finished,0,alpine,11.333333333333334,18.0,10.666666666666666,19.0,-0.29411764705882354,0.08571428571428572,1.457142857142857,35
2026,11,Hungarian Grand Prix,hungaroring,2026-07-26,colapinto,alpine,13,15,15,0.0,68,Lapped,0,alpine,11.333333333333334,19.0,11.333333333333334,18.0,-0.2571428571428571,0.08333333333333333,1.4444444444444444,36
2026,12,Dutch Grand Prix,zandvoort,2026-08-23,colapinto,alpine,14,14,14,0.0,70,Lapped,0,alpine,11.333333333333334,19.0,11.166666666666666,11.0,-0.3333333333333333,0.08108108108108109,1.3513513513513513,37
2026,13,Italian Grand Prix,monza,2026-09-06,colapinto,alpine,7,9,9,2.0,53,Finished,0,alpine,13.0,19.0,12.0,14.5,-0.43243243243243246,0.07894736842105263,1.3157894736842106,38
2026,14,Spanish Grand Prix,madring,2026-09-13,colapinto,alpine,9,7,7,6.0,57,Finished,0,alpine,12.666666666666666,21.0,11.166666666666666,10.174242424242424,-0.47368421052631576,0.07692307692307693,1.2307692307692308,39
2026,1,Australian Grand Prix,albert_park,2026-03-08,gasly,alpine,14,10,10,1.0,57,Lapped,0,alpine,16.0,0.0,16.166666666666668,12.5,1.3085714285714285,0.15254237288135594,-0.07909604519774012,177
2026,2,Chinese Grand Prix,shanghai,2026-03-15,gasly,alpine,7,6,6,8.0,56,Finished,0,alpine,15.0,1.0,15.5,14.25,1.3238636363636365,0.15168539325842698,-0.056179775280898875,178
2026,3,Japanese Grand Prix,suzuka,2026-03-29,gasly,alpine,7,7,7,6.0,53,Finished,0,alpine,11.666666666666666,9.0,13.166666666666666,12.571428571428571,1.3389830508474576,0.15083798882681565,-0.05027932960893855,179
2026,4,Miami Grand Prix,miami,2026-05-03,gasly,alpine,9,21,R,0.0,4,Retired,0,alpine,7.666666666666667,15.0,10.5,12.75,1.3820224719101124,0.15,-0.05,180
2026,5,Canadian Grand Prix,villeneuve,2026-05-24,gasly,alpine,14,8,8,4.0,67,Lapped,0,alpine,11.333333333333334,15.0,11.166666666666666,11.5,1.2960893854748603,0.15469613259668508,-0.11602209944751381,181
2026,6,Monaco Grand Prix,monaco,2026-06-07,gasly,alpine,9,7,7,6.0,78,Finished,0,alpine,12.0,19.0,10.833333333333334,9.428571428571429,1.2777777777777777,0.15384615384615385,-0.08241758241758242,182
2026,7,Barcelona Grand Prix,catalunya,2026-06-14,gasly,alpine,14,7,7,6.0,65,Lapped,0,alpine,12.0,25.0,10.5,10.5,1.3093922651933703,0.15300546448087432,-0.07103825136612021,183
2026,8,Austrian Grand Prix,red_bull_ring,2026-06-28,gasly,alpine,11,13,13,0.0,70,Lapped,0,alpine,7.333333333333333,31.0,8.666666666666666,11.7,1.3186813186813187,0.15217391304347827,-0.03260869565217391,184
2026,9,British Grand Prix,silverstone,2026-07-05,gasly,alpine,15,10,10,1.0,52,Finished,0,alpine,9.0,31.0,11.0,10.75,1.3224043715846994,0.15135135135135136,-0.043243243243243246,185
2026,10,Belgian Grand Prix,spa,2026-07-19,gasly,alpine,10,11,11,0.0,44,Finished,0,alpine,10.0,32.0,10.666666666666666,9.375,1.309782608695652,0.15053763440860216,-0.016129032258064516,186
2026,11,Hungarian Grand Prix,hungaroring,2026-07-26,gasly,alpine,12,12,12,0.0,69,Lapped,0,alpine,11.333333333333334,32.0,11.333333333333334,13.5,1.2972972972972974,0.1497326203208556,-0.0213903743315508,187
2026,12,Dutch Grand Prix,zandvoort,2026-08-23,gasly,alpine,11,10,10,1.0,71,Lapped,0,alpine,11.0,32.0,11.166666666666666,8.8,1.3064516129032258,0.14893617021276595,-0.02127659574468085,188
2026,13,Italian Grand Prix,monza,2026-09-06,gasly,alpine,1,7,7,6.0,53,Finished,0,alpine,11.0,33.0,12.0,12.375,1.320855614973262,0.14814814814814814,-0.015873015873015872,189
2026,14,Spanish Grand Prix,madring,2026-09-13,gasly,alpine,14,12,12,0.0,56,Lapped,0,alpine,9.666666666666666,39.0,11.166666666666666,10.174242424242424,1.324468085106383,0.14736842105263157,-0.04736842105263158,190
2026,1,Australian Grand Prix,albert_park,2026-03-08,hadjar,red_bull,3,20,R,0.0,10,Retired,0,red_bull,13.666666666666666,0.0,6.5,20.0,1.0416666666666667,0.125,-2.0,24
2026,2,Chinese Grand Prix,shanghai,2026-03-15,hadjar,red_bull,9,8,8,4.0,56,Finished,0,red_bull,18.333333333333332,0.0,8.666666666666666,11.0,0.44,0.16,-2.6,25
2026,3,Japanese Grand Prix,suzuka,2026-03-29,hadjar,red_bull,8,12,12,0.0,53,Finished,0,red_bull,15.0,4.0,10.833333333333334,8.0,0.7307692307692307,0.15384615384615385,-2.4615384615384617,26
2026,4,Miami Grand Prix,miami,2026-05-03,hadjar,red_bull,22,22,R,0.0,4,Retired,0,red_bull,13.333333333333334,4.0,11.666666666666666,11.0,0.5555555555555556,0.14814814814814814,-2.5185185185185186,27
2026,5,Canadian Grand Prix,villeneuve,2026-05-24,hadjar,red_bull,7,5,5,10.0,67,Lapped,0,red_bull,14.0,4.0,11.833333333333334,16.0,-0.07142857142857142,0.17857142857142858,-2.4285714285714284,28
2026,6,Monaco Grand Prix,monaco,2026-06-07,hadjar,red_bull,5,3,3,15.0,78,Finished,1,red_bull,13.0,14.0,9.166666666666666,6.0,-0.13793103448275862,0.1724137931034483,-2.2758620689655173,29
2026,7,Barcelona Grand Prix,catalunya,2026-06-14,hadjar,red_bull,6,6,6,8.0,65,Lapped,0,red_bull,10.0,29.0,10.0,7.0,0.5,0.16666666666666666,-2.1333333333333333,30
2026,8,Austrian Grand Prix,red_bull_ring,2026-06-28,hadjar,red_bull,8,6,6,8.0,71,Finished,0,red_bull,4.666666666666667,37.0,7.166666666666667,12.0,0.41935483870967744,0.16129032258064516,-2.064516129032258,31
2026,9,British Grand Prix,silverstone,2026-07-05,hadjar,red_bull,5,5,5,10.0,52,Finished,0,red_bull,5.0,45.0,7.166666666666667,17.0,0.28125,0.15625,-1.9375,32
2026,10,Belgian Grand Prix,spa,2026-07-19,hadjar,red_bull,21,6,6,8.0,44,Finished,0,red_bull,5.666666666666667,55.0,7.166666666666667,20.0,0.7272727272727273,0.15151515151515152,-1.878787878787879,33
2026,11,Hungarian Grand Prix,hungaroring,2026-07-26,hadjar,red_bull,8,6,6,8.0,70,Finished,0,red_bull,5.666666666666667,63.0,7.0,11.0,0.6176470588235294,0.14705882352941177,-1.3823529411764706,34
2026,1,Australian Grand Prix,albert_park,2026-03-08,hamilton,ferrari,7,4,4,12.0,58,Finished,0,ferrari,9.333333333333334,0.0,7.333333333333333,5.571428571428571,0.625,0.09451219512195122,-0.4878048780487805,328
2026,2,Chinese Grand Prix,shanghai,2026-03-15,hamilton,ferrari,3,3,3,15.0,56,Finished,1,ferrari,8.0,12.0,6.5,4.333333333333333,0.6200607902735562,0.09422492401215805,-0.47720364741641336,329
2026,3,Japanese Grand Prix,suzuka,2026-03-29,hamilton,ferrari,6,6,6,8.0,53,Finished,0,ferrari,5.0,27.0,4.333333333333333,5.071428571428571,0.6212121212121212,0.09393939393939393,-0.47575757575757577,330
2026,4,Miami Grand Prix,miami,2026-05-03,hamilton,ferrari,6,6,6,8.0,57,Finished,0,ferrari,4.333333333333333,35.0,3.8333333333333335,6.5,0.6102719033232629,0.09365558912386707,-0.4743202416918429,331
2026,5,Canadian Grand Prix,villeneuve,2026-05-24,hamilton,ferrari,5,2,2,18.0,68,Finished,1,ferrari,5.0,43.0,5.0,5.071428571428571,0.6144578313253012,0.09337349397590361,-0.47289156626506024,332
2026,6,Monaco Grand Prix,monaco,2026-06-07,hamilton,ferrari,3,2,2,18.0,78,Finished,1,ferrari,4.666666666666667,61.0,4.833333333333333,4.533333333333333,0.6186186186186187,0.09309309309309309,-0.4624624624624625,333
2026,7,Barcelona Grand Prix,catalunya,2026-06-14,hamilton,ferrari,2,1,1,25.0,66,Finished,1,ferrari,3.3333333333333335,79.0,6.5,5.0625,0.6616766467065869,0.09281437125748503,-0.45808383233532934,334
2026,8,Austrian Grand Prix,red_bull_ring,2026-06-28,hamilton,ferrari,3,5,5,10.0,71,Finished,0,ferrari,1.6666666666666667,104.0,6.833333333333333,4.285714285714286,0.7014925373134329,0.09253731343283582,-0.4537313432835821,335
2026,9,British Grand Prix,silverstone,2026-07-05,hamilton,ferrari,3,3,3,15.0,52,Finished,1,ferrari,2.6666666666666665,114.0,8.0,2.3529411764705883,0.7083333333333334,0.09226190476190477,-0.4583333333333333,336
2026,10,Belgian Grand Prix,spa,2026-07-19,hamilton,ferrari,5,4,4,12.0,44,Finished,0,ferrari,3.0,129.0,5.5,7.0625,0.7002967359050445,0.09198813056379822,-0.456973293768546,337
2026,11,Hungarian Grand Prix,hungaroring,2026-07-26,hamilton,ferrari,5,5,5,10.0,70,Finished,0,ferrari,4.0,141.0,3.8333333333333335,4.125,0.6923076923076923,0.09171597633136094,-0.4526627218934911,338
2026,12,Dutch Grand Prix,zandvoort,2026-08-23,hamilton,ferrari,5,4,4,12.0,72,Finished,0,ferrari,4.0,151.0,3.1666666666666665,8.0,0.6873156342182891,0.09144542772861357,-0.45132743362831856,339
2026,13,Italian Grand Prix,monza,2026-09-06,hamilton,ferrari,4,6,6,8.0,53,Finished,0,ferrari,4.333333333333333,163.0,4.0,5.75,0.6882352941176471,0.09117647058823529,-0.4470588235294118,340
2026,14,Spanish Grand Prix,madring,2026-09-13,hamilton,ferrari,4,22,R,0.0,6,Retired,0,ferrari,5.0,171.0,7.666666666666667,10.174242424242424,0.7331378299120235,0.09090909090909091,-0.45161290322580644,341
2026,2,Chinese Grand Prix,shanghai,2026-03-15,hulkenberg,audi,11,11,11,0.0,55,Lapped,0,sauber,12.0,0.0,11.833333333333334,13.090909090909092,0.17269076305220885,0.188,-0.68,250
2026,3,Japanese Grand Prix,suzuka,2026-03-29,hulkenberg,audi,13,11,11,0.0,53,Finished,0,sauber,13.333333333333334,0.0,10.0,12.666666666666666,0.17269076305220885,0.18725099601593626,-0.6772908366533864,251
2026,4,Miami Grand Prix,miami,2026-05-03,hulkenberg,audi,10,19,R,0.0,7,Retired,0,sauber,10.333333333333334,0.0,10.666666666666666,13.333333333333334,0.18,0.1865079365079365,-0.6666666666666666,252
2026,5,Canadian Grand Prix,villeneuve,2026-05-24,hulkenberg,audi,11,12,12,0.0,66,Lapped,0,sauber,13.666666666666666,0.0,12.833333333333334,10.25,0.15139442231075698,0.18972332015810275,-0.6996047430830039,253
2026,6,Monaco Grand Prix,monaco,2026-06-07,hulkenberg,audi,13,13,13,0.0,78,Finished,0,sauber,14.0,0.0,13.333333333333334,13.166666666666666,0.15476190476190477,0.1889763779527559,-0.7007874015748031,254
2026,7,Barcelona Grand Prix,catalunya,2026-06-14,hulkenberg,audi,9,20,R,0.0,29,Retired,0,sauber,14.666666666666666,0.0,13.333333333333334,13.0,0.14624505928853754,0.18823529411764706,-0.6980392156862745,255
2026,8,Austrian Grand Prix,red_bull_ring,2026-06-28,hulkenberg,audi,14,12,12,0.0,70,Lapped,0,sauber,15.0,0.0,13.333333333333334,12.777777777777779,0.11023622047244094,0.19140625,-0.73828125,256
2026,9,British Grand Prix,silverstone,2026-07-05,hulkenberg,audi,12,22,R,0.0,36,Retired,0,sauber,15.0,0.0,13.0,8.076923076923077,0.10588235294117647,0.19066147859922178,-0.7276264591439688,257
2026,10,Belgian Grand Prix,spa,2026-07-19,hulkenberg,audi,12,13,13,0.0,44,Finished,0,sauber,18.0,0.0,14.0,11.545454545454545,0.05078125,0.1937984496124031,-0.7635658914728682,258
2026,11,Hungarian Grand Prix,hungaroring,2026-07-26,hulkenberg,audi,10,9,9,2.0,69,Lapped,0,sauber,15.666666666666666,0.0,12.333333333333334,13.25,0.0311284046692607,0.19305019305019305,-0.7644787644787645,259
2026,12,Dutch Grand Prix,zandvoort,2026-08-23,hulkenberg,audi,13,8,8,4.0,71,Lapped,0,sauber,14.666666666666666,2.0,11.833333333333334,12.333333333333334,0.03875968992248062,0.19230769230769232,-0.7576923076923077,260
2026,13,Italian Grand Prix,monza,2026-09-06,hulkenberg,audi,12,12,12,0.0,53,Finished,0,sauber,10.0,6.0,10.333333333333334,11.545454545454545,0.05791505791505792,0.19157088122605365,-0.735632183908046,261
2026,14,Spanish Grand Prix,madring,2026-09-13,hulkenberg,audi,11,10,10,1.0,56,Lapped,0,sauber,9.666666666666666,6.0,10.666666666666666,10.174242424242424,0.05384615384615385,0.19083969465648856,-0.732824427480916,262
2026,1,Australian Grand Prix,albert_park,2026-03-08,lawson,rb,8,13,13,0.0,57,Lapped,0,rb,13.666666666666666,0.0,13.666666666666666,15.0,-1.2941176470588236,0.17142857142857143,-0.14285714285714285,35
2026,2,Chinese Grand Prix,shanghai,2026-03-15,lawson,rb,14,7,7,6.0,56,Finished,0,rb,13.333333333333334,0.0,13.833333333333334,12.0,-1.4,0.16666666666666666,-0.2777777777777778,36
2026,3,Japanese Grand Prix,suzuka,2026-03-29,lawson,rb,14,9,9,2.0,53,Finished,0,rb,12.666666666666666,6.0,12.5,14.0,-1.2222222222222223,0.16216216216216217,-0.08108108108108109,37
2026,4,Miami Grand Prix,miami,2026-05-03,lawson,rb,11,20,R,0.0,6,Retired,0,rb,9.666666666666666,8.0,10.5,17.0,-1.054054054054054,0.15789473684210525,0.05263157894736842,38
2026,5,Canadian Grand Prix,villeneuve,2026-05-24,lawson,rb,12,7,7,6.0,67,Lapped,0,rb,12.0,8.0,12.666666666666666,19.0,-1.1842105263157894,0.1794871794871795,-0.1794871794871795,39
2026,6,Monaco Grand Prix,monaco,2026-06-07,lawson,rb,10,5,5,10.0,78,Finished,0,rb,12.0,14.0,11.833333333333334,8.0,-1.1842105263157894,0.175,-0.05,40
2026,7,Barcelona Grand Prix,catalunya,2026-06-14,lawson,rb,8,8,8,4.0,65,Lapped,0,rb,10.666666666666666,24.0,9.833333333333334,11.0,-1.1282051282051282,0.17073170731707318,0.07317073170731707,41
2026,8,Austrian Grand Prix,red_bull_ring,2026-06-28,lawson,rb,9,9,9,2.0,70,Lapped,0,rb,6.666666666666667,28.0,7.0,6.0,-1.075,0.16666666666666666,0.07142857142857142,42
2026,9,British Grand Prix,silverstone,2026-07-05,lawson,rb,10,6,6,8.0,52,Finished,0,rb,7.333333333333333,30.0,7.833333333333333,19.0,-1.024390243902439,0.16279069767441862,0.06976744186046512,43
2026,10,Belgian Grand Prix,spa,2026-07-19,lawson,rb,9,12,12,0.0,44,Finished,0,rb,7.666666666666667,38.0,8.166666666666666,8.0,-0.9761904761904762,0.1590909090909091,0.1590909090909091,44
2026,11,Hungarian Grand Prix,hungaroring,2026-07-26,lawson,rb,11,8,8,4.0,69,Lapped,0,rb,9.0,38.0,8.833333333333334,8.0,-1.0232558139534884,0.15555555555555556,0.08888888888888889,45
2026,12,Dutch Grand Prix,zandvoort,2026-08-23,lawson,red_bull,8,7,7,6.0,72,Finished,0,red_bull,8.666666666666666,42.0,7.0,12.5,-0.9545454545454546,0.15217391304347827,0.15217391304347827,46
2026,13,Italian Grand Prix,monza,2026-09-06,lawson,red_bull,22,14,14,0.0,53,Finished,0,red_bull,9.0,48.0,7.666666666666667,12.5,-0.6,0.14893617021276595,0.1702127659574468,47
2026,14,Spanish Grand Prix,madring,2026-09-13,lawson,red_bull,8,6,6,8.0,57,Finished,0,red_bull,9.666666666666666,48.0,9.0,10.174242424242424,-0.8260869565217391,0.14583333333333334,0.3333333333333333,48
2026,1,Australian Grand Prix,albert_park,2026-03-08,leclerc,ferrari,4,3,3,15.0,58,Finished,1,ferrari,5.333333333333333,0.0,7.333333333333333,8.166666666666666,0.9411764705882353,0.14619883040935672,-0.9298245614035088,171
2026,2,Chinese Grand Prix,shanghai,2026-03-15,leclerc,ferrari,4,4,4,12.0,56,Finished,0,ferrari,5.0,15.0,6.5,11.5,0.9415204678362573,0.14534883720930233,-0.9186046511627907,172
2026,3,Japanese Grand Prix,suzuka,2026-03-29,leclerc,ferrari,4,3,3,15.0,53,Finished,1,ferrari,3.6666666666666665,27.0,4.333333333333333,6.5,0.9302325581395349,0.14450867052023122,-0.9132947976878613,173
2026,4,Miami Grand Prix,miami,2026-05-03,leclerc,ferrari,3,8,8,4.0,57,Finished,0,ferrari,3.3333333333333335,42.0,3.8333333333333335,4.75,0.9421965317919075,0.14367816091954022,-0.9022988505747126,174
2026,5,Canadian Grand Prix,villeneuve,2026-05-24,leclerc,ferrari,8,4,4,12.0,68,Finished,0,ferrari,5.0,46.0,5.0,7.666666666666667,0.9252873563218391,0.14285714285714285,-0.9257142857142857,175
2026,6,Monaco Grand Prix,monaco,2026-06-07,leclerc,ferrari,4,17,R,0.0,64,Retired,0,ferrari,5.0,58.0,4.833333333333333,8.5,0.9085714285714286,0.14204545454545456,-0.8977272727272727,176
2026,7,Barcelona Grand Prix,catalunya,2026-06-14,leclerc,ferrari,10,15,15,0.0,62,Retired,0,ferrari,9.666666666666666,58.0,6.5,9.75,0.8181818181818182,0.14689265536723164,-0.9661016949152542,177
2026,8,Austrian Grand Prix,red_bull_ring,2026-06-28,leclerc,ferrari,2,8,8,4.0,71,Finished,0,ferrari,12.0,58.0,6.833333333333333,6.4,0.7344632768361582,0.15168539325842698,-0.9887640449438202,178
2026,9,British Grand Prix,silverstone,2026-07-05,leclerc,ferrari,2,1,1,25.0,52,Finished,1,ferrari,13.333333333333334,62.0,8.0,8.0,0.7134831460674157,0.15083798882681565,-1.0167597765363128,179
2026,10,Belgian Grand Prix,spa,2026-07-19,leclerc,ferrari,4,2,2,18.0,44,Finished,1,ferrari,8.0,87.0,5.5,7.0,0.7206703910614525,0.15,-1.0055555555555555,180
2026,11,Hungarian Grand Prix,hungaroring,2026-07-26,leclerc,ferrari,2,4,4,12.0,70,Finished,0,ferrari,3.6666666666666665,105.0,3.8333333333333335,9.25,0.7277777777777777,0.14917127071823205,-0.988950276243094,181
2026,12,Dutch Grand Prix,zandvoort,2026-08-23,leclerc,ferrari,6,5,5,10.0,72,Finished,0,ferrari,2.3333333333333335,117.0,3.1666666666666665,9.8,0.7292817679558011,0.14835164835164835,-0.9945054945054945,182
2026,13,Italian Grand Prix,monza,2026-09-06,leclerc,ferrari,3,22,R,0.0,1,Retired,0,ferrari,3.6666666666666665,127.0,4.0,5.625,0.7197802197802198,0.14754098360655737,-0.9836065573770492,183
2026,14,Spanish Grand Prix,madring,2026-09-13,leclerc,ferrari,5,4,4,12.0,57,Finished,0,ferrari,10.333333333333334,127.0,7.666666666666667,10.174242424242424,0.6284153005464481,0.15217391304347827,-1.0815217391304348,184
2026,1,Australian Grand Prix,albert_park,2026-03-08,max_verstappen,red_bull,20,6,6,8.0,58,Finished,0,red_bull,1.0,0.0,6.5,8.555555555555555,2.948497854077253,0.14163090128755365,-0.5321888412017167,233
2026,2,Chinese Grand Prix,shanghai,2026-03-15,max_verstappen,red_bull,8,16,R,0.0,45,Retired,0,red_bull,2.6666666666666665,8.0,8.666666666666666,6.0,2.9957264957264957,0.14102564102564102,-0.4700854700854701,234
2026,3,Japanese Grand Prix,suzuka,2026-03-29,max_verstappen,red_bull,11,8,8,4.0,53,Finished,0,red_bull,7.666666666666667,8.0,10.833333333333334,4.222222222222222,2.948936170212766,0.14468085106382977,-0.502127659574468,235
2026,4,Miami Grand Prix,miami,2026-05-03,max_verstappen,red_bull,2,5,5,10.0,57,Finished,0,red_bull,10.0,12.0,11.666666666666666,2.0,2.9533898305084745,0.1440677966101695,-0.4872881355932203,236
2026,5,Canadian Grand Prix,villeneuve,2026-05-24,max_verstappen,red_bull,6,3,3,15.0,68,Finished,1,red_bull,9.666666666666666,22.0,11.833333333333334,5.555555555555555,3.0126582278481013,0.14345991561181434,-0.4978902953586498,237
2026,6,Monaco Grand Prix,monaco,2026-06-07,max_verstappen,red_bull,2,22,R,0.0,0,Retired,0,red_bull,5.333333333333333,37.0,9.166666666666666,6.9,3.008403361344538,0.14285714285714285,-0.4831932773109244,238
2026,7,Barcelona Grand Prix,catalunya,2026-06-14,max_verstappen,red_bull,5,4,4,12.0,66,Finished,0,red_bull,10.0,37.0,10.0,4.909090909090909,2.916317991631799,0.14644351464435146,-0.5648535564853556,239
2026,8,Austrian Grand Prix,red_bull_ring,2026-06-28,max_verstappen,red_bull,5,2,2,18.0,71,Finished,1,red_bull,9.666666666666666,49.0,7.166666666666667,6.384615384615385,2.9125,0.14583333333333334,-0.5583333333333333,240
2026,9,British Grand Prix,silverstone,2026-07-05,max_verstappen,red_bull,7,20,20,0.0,46,Retired,0,red_bull,9.333333333333334,67.0,7.166666666666667,6.666666666666667,2.91701244813278,0.14522821576763487,-0.5435684647302904,241
2026,10,Belgian Grand Prix,spa,2026-07-19,max_verstappen,red_bull,2,3,3,15.0,44,Finished,1,red_bull,8.666666666666666,67.0,7.166666666666667,6.818181818181818,2.84297520661157,0.1487603305785124,-0.5950413223140496,242
2026,11,Hungarian Grand Prix,hungaroring,2026-07-26,max_verstappen,red_bull,4,2,2,18.0,70,Finished,1,red_bull,8.333333333333334,82.0,7.0,5.636363636363637,2.843621399176955,0.14814814814814814,-0.5967078189300411,243
2026,12,Dutch Grand Prix,zandvoort,2026-08-23,max_verstappen,red_bull,7,22,R,0.0,0,Retired,0,red_bull,8.333333333333334,100.0,7.0,1.4,2.848360655737705,0.14754098360655737,-0.5860655737704918,244
2026,13,Italian Grand Prix,monza,2026-09-06,max_verstappen,red_bull,5,3,3,15.0,53,Finished,1,red_bull,9.0,100.0,7.666666666666667,7.818181818181818,2.7755102040816326,0.1510204081632653,-0.6448979591836734,245
2026,14,Spanish Grand Prix,madring,2026-09-13,max_verstappen,red_bull,3,2,2,18.0,57,Finished,1,red_bull,9.0,115.0,9.0,10.174242424242424,2.8089430894308944,0.15040650406504066,-0.6341463414634146,246
2026,1,Australian Grand Prix,albert_park,2026-03-08,norris,mclaren,6,5,5,10.0,58,Finished,0,mclaren,8.666666666666666,0.0,8.333333333333334,5.4,1.1324503311258278,0.09210526315789473,-0.7039473684210527,152
2026,3,Japanese Grand Prix,suzuka,2026-03-29,norris,mclaren,5,5,5,10.0,53,Finished,0,mclaren,4.0,10.0,3.5,6.0,1.1324503311258278,0.0915032679738562,-0.6928104575163399,153
2026,4,Miami Grand Prix,miami,2026-05-03,norris,mclaren,4,2,2,18.0,57,Finished,1,mclaren,4.333333333333333,20.0,3.6666666666666665,9.75,1.105263157894737,0.09090909090909091,-0.6883116883116883,154
2026,5,Canadian Grand Prix,villeneuve,2026-05-24,norris,mclaren,3,18,R,0.0,38,Retired,0,mclaren,4.0,38.0,3.6666666666666665,13.6,1.1045751633986929,0.09032258064516129,-0.6709677419354839,155
2026,6,Monaco Grand Prix,monaco,2026-06-07,norris,mclaren,8,19,R,0.0,43,Retired,0,mclaren,8.333333333333334,38.0,6.833333333333333,5.666666666666667,1.051948051948052,0.09615384615384616,-0.7628205128205128,156
2026,7,Barcelona Grand Prix,catalunya,2026-06-14,norris,mclaren,4,3,3,15.0,66,Finished,1,mclaren,13.0,38.0,9.5,9.571428571428571,0.9483870967741935,0.10191082802547771,-0.8280254777070064,157
2026,8,Austrian Grand Prix,red_bull_ring,2026-06-28,norris,mclaren,6,7,7,6.0,71,Finished,0,mclaren,13.333333333333334,53.0,10.0,6.0,0.9551282051282052,0.10126582278481013,-0.8164556962025317,158
2026,9,British Grand Prix,silverstone,2026-07-05,norris,mclaren,6,4,4,12.0,52,Finished,0,mclaren,9.666666666666666,59.0,7.0,5.125,0.9299363057324841,0.10062893081761007,-0.8176100628930818,159
2026,10,Belgian Grand Prix,spa,2026-07-19,norris,mclaren,13,7,7,6.0,44,Finished,0,mclaren,4.666666666666667,71.0,5.666666666666667,8.285714285714286,0.9683544303797469,0.1,-0.8,160
2026,11,Hungarian Grand Prix,hungaroring,2026-07-26,norris,mclaren,1,1,1,25.0,70,Finished,1,mclaren,6.0,77.0,6.333333333333333,7.0,0.949685534591195,0.09937888198757763,-0.7577639751552795,161
2026,12,Dutch Grand Prix,zandvoort,2026-08-23,norris,mclaren,1,1,1,25.0,72,Finished,1,mclaren,4.0,102.0,8.0,8.6,1.0625,0.09876543209876543,-0.7530864197530864,162
2026,13,Italian Grand Prix,monza,2026-09-06,norris,mclaren,8,4,4,12.0,53,Finished,0,mclaren,3.0,127.0,6.666666666666667,5.142857142857143,1.0869565217391304,0.09815950920245399,-0.7484662576687117,163
2026,14,Spanish Grand Prix,madring,2026-09-13,norris,mclaren,1,3,3,15.0,57,Finished,1,mclaren,2.0,139.0,6.166666666666667,10.174242424242424,1.0864197530864197,0.0975609756097561,-0.7195121951219512,164
2026,1,Australian Grand Prix,albert_park,2026-03-08,ocon,haas,13,11,11,0.0,57,Lapped,0,haas,10.333333333333334,0.0,12.0,12.0,-0.5642458100558659,0.14444444444444443,0.7555555555555555,180
2026,2,Chinese Grand Prix,shanghai,2026-03-15,ocon,haas,13,14,14,0.0,55,Lapped,0,haas,11.0,0.0,11.833333333333334,9.25,-0.5833333333333334,0.143646408839779,0.7624309392265194,181
2026,3,Japanese Grand Prix,suzuka,2026-03-29,ocon,haas,12,10,10,1.0,53,Finished,0,haas,10.666666666666666,0.0,9.333333333333334,11.714285714285714,-0.6298342541436464,0.14285714285714285,0.7527472527472527,182
2026,4,Miami Grand Prix,miami,2026-05-03,ocon,haas,14,13,13,0.0,56,Lapped,0,haas,11.666666666666666,1.0,11.5,9.75,-0.5604395604395604,0.14207650273224043,0.7595628415300546,183
2026,5,Canadian Grand Prix,villeneuve,2026-05-24,ocon,haas,17,14,14,0.0,66,Lapped,0,haas,12.333333333333334,1.0,12.5,8.0,-0.5683060109289617,0.14130434782608695,0.7608695652173914,184
2026,6,Monaco Grand Prix,monaco,2026-06-07,ocon,haas,17,9,9,2.0,78,Finished,0,haas,12.333333333333334,1.0,13.333333333333334,9.428571428571429,-0.5869565217391305,0.14054054054054055,0.772972972972973,185
2026,7,Barcelona Grand Prix,catalunya,2026-06-14,ocon,haas,17,13,13,0.0,64,Lapped,0,haas,12.0,3.0,12.833333333333334,10.5,-0.5243243243243243,0.13978494623655913,0.8118279569892473,186
2026,8,Austrian Grand Prix,red_bull_ring,2026-06-28,ocon,haas,15,16,16,0.0,69,Lapped,0,haas,12.0,3.0,13.833333333333334,11.5,-0.5,0.13903743315508021,0.8288770053475936,187
2026,9,British Grand Prix,silverstone,2026-07-05,ocon,haas,17,13,13,0.0,52,Finished,0,haas,12.666666666666666,3.0,14.833333333333334,11.333333333333334,-0.5080213903743316,0.13829787234042554,0.8191489361702128,188
2026,10,Belgian Grand Prix,spa,2026-07-19,ocon,haas,16,17,17,0.0,44,Finished,0,haas,14.0,3.0,14.166666666666666,9.11111111111111,-0.5106382978723404,0.13756613756613756,0.8359788359788359,189
2026,11,Hungarian Grand Prix,hungaroring,2026-07-26,ocon,haas,15,16,16,0.0,68,Lapped,0,haas,15.333333333333334,3.0,14.333333333333334,12.375,-0.5238095238095238,0.1368421052631579,0.8263157894736842,190
2026,12,Dutch Grand Prix,zandvoort,2026-08-23,ocon,haas,15,19,R,0.0,52,Retired,0,haas,15.333333333333334,3.0,15.166666666666666,10.6,-0.5052631578947369,0.13612565445026178,0.8167539267015707,191
2026,13,Italian Grand Prix,monza,2026-09-06,ocon,haas,14,16,16,0.0,52,Lapped,0,haas,17.333333333333332,3.0,17.666666666666668,11.88888888888889,-0.49214659685863876,0.140625,0.7916666666666666,192
2026,14,Spanish Grand Prix,madring,2026-09-13,ocon,haas,13,11,11,0.0,56,Lapped,0,haas,17.0,3.0,17.666666666666668,10.174242424242424,-0.4947916666666667,0.13989637305699482,0.7772020725388601,193
2026,1,Australian Grand Prix,albert_park,2026-03-08,perez,cadillac,18,16,16,0.0,55,Lapped,0,cadillac,15.666666666666666,0.0,11.333333333333334,9.75,-0.7357142857142858,0.1387900355871886,0.797153024911032,281
2026,2,Chinese Grand Prix,shanghai,2026-03-15,perez,cadillac,21,15,15,0.0,55,Lapped,0,cadillac,17.666666666666668,0.0,11.333333333333334,10.2,-0.7224199288256228,0.13829787234042554,0.8014184397163121,282
2026,3,Japanese Grand Prix,suzuka,2026-03-29,perez,cadillac,19,17,17,0.0,53,Finished,0,cadillac,17.0,0.0,11.333333333333334,9.916666666666666,-0.7269503546099291,0.13780918727915195,0.8197879858657244,283
2026,4,Miami Grand Prix,miami,2026-05-03,perez,cadillac,20,16,16,0.0,56,Lapped,0,cadillac,16.0,0.0,16.5,3.3333333333333335,-0.7173144876325088,0.13732394366197184,0.823943661971831,284
2026,5,Canadian Grand Prix,villeneuve,2026-05-24,perez,cadillac,20,17,R,0.0,39,Retired,0,cadillac,16.0,0.0,16.333333333333332,11.0,-0.7077464788732394,0.1368421052631579,0.8350877192982457,285
2026,6,Monaco Grand Prix,monaco,2026-06-07,perez,cadillac,18,15,15,0.0,78,Finished,0,cadillac,16.666666666666668,0.0,17.166666666666668,11.166666666666666,-0.7087719298245614,0.13986013986013987,0.8426573426573427,286
2026,7,Barcelona Grand Prix,catalunya,2026-06-14,perez,cadillac,19,14,14,0.0,63,Lapped,0,cadillac,16.0,0.0,17.166666666666668,8.5,-0.6853146853146853,0.13937282229965156,0.8501742160278746,287
2026,8,Austrian Grand Prix,red_bull_ring,2026-06-28,perez,cadillac,19,21,R,0.0,4,Retired,0,cadillac,15.333333333333334,0.0,17.333333333333332,8.384615384615385,-0.6585365853658537,0.1388888888888889,0.8645833333333334,288
2026,9,British Grand Prix,silverstone,2026-07-05,perez,cadillac,20,14,14,0.0,52,Finished,0,cadillac,16.666666666666668,0.0,19.0,11.692307692307692,-0.6527777777777778,0.14186851211072665,0.8546712802768166,289
2026,10,Belgian Grand Prix,spa,2026-07-19,perez,cadillac,18,21,R,0.0,13,Retired,0,cadillac,16.333333333333332,0.0,18.0,9.857142857142858,-0.643598615916955,0.1413793103448276,0.8724137931034482,290
2026,11,Hungarian Grand Prix,hungaroring,2026-07-26,perez,cadillac,22,21,R,0.0,48,Retired,0,cadillac,18.666666666666668,0.0,18.666666666666668,11.357142857142858,-0.6517241379310345,0.14432989690721648,0.8591065292096219,291
2026,12,Dutch Grand Prix,zandvoort,2026-08-23,perez,cadillac,22,15,15,0.0,70,Lapped,0,cadillac,18.666666666666668,0.0,18.666666666666668,5.75,-0.6460481099656358,0.14726027397260275,0.8595890410958904,292
2026,13,Italian Grand Prix,monza,2026-09-06,perez,cadillac,17,18,18,0.0,52,Lapped,0,cadillac,19.0,0.0,19.166666666666668,7.571428571428571,-0.6335616438356164,0.14675767918088736,0.8805460750853242,293
2026,14,Spanish Grand Prix,madring,2026-09-13,perez,cadillac,18,20,R,0.0,31,Retired,0,cadillac,18.0,0.0,18.833333333333332,10.174242424242424,-0.6279863481228669,0.14625850340136054,0.8741496598639455,294
2026,3,Japanese Grand Prix,suzuka,2026-03-29,piastri,mclaren,3,2,2,18.0,53,Finished,1,mclaren,8.0,0.0,3.5,4.666666666666667,-1.1857142857142857,0.07142857142857142,-0.7142857142857143,70
2026,4,Miami Grand Prix,miami,2026-05-03,piastri,mclaren,7,3,3,15.0,57,Finished,1,mclaren,2.0,18.0,3.6666666666666665,11.0,-1.1267605633802817,0.07042253521126761,-0.6901408450704225,71
2026,5,Canadian Grand Prix,villeneuve,2026-05-24,piastri,mclaren,4,11,11,0.0,66,Lapped,0,mclaren,2.3333333333333335,33.0,3.6666666666666665,6.666666666666667,-1.125,0.06944444444444445,-0.625,72
2026,6,Monaco Grand Prix,monaco,2026-06-07,piastri,mclaren,7,4,4,12.0,78,Finished,0,mclaren,5.333333333333333,33.0,6.833333333333333,5.0,-1.0136986301369864,0.0684931506849315,-0.7123287671232876,73
2026,7,Barcelona Grand Prix,catalunya,2026-06-14,piastri,mclaren,7,5,5,10.0,66,Finished,0,mclaren,6.0,45.0,9.5,7.0,-0.7972972972972973,0.06756756756756757,-0.6621621621621622,74
2026,8,Austrian Grand Prix,red_bull_ring,2026-06-28,piastri,mclaren,7,4,4,12.0,71,Finished,0,mclaren,6.666666666666667,55.0,10.0,6.666666666666667,-0.8133333333333334,0.06666666666666667,-0.6266666666666667,75
2026,9,British Grand Prix,silverstone,2026-07-05,piastri,mclaren,8,11,11,0.0,52,Finished,0,mclaren,4.333333333333333,67.0,7.0,3.3333333333333335,-0.7631578947368421,0.06578947368421052,-0.5789473684210527,76
2026,10,Belgian Grand Prix,spa,2026-07-19,piastri,mclaren,6,5,5,10.0,44,Finished,0,mclaren,6.666666666666667,67.0,5.666666666666667,7.666666666666667,-0.8441558441558441,0.06493506493506493,-0.6103896103896104,77
2026,11,Hungarian Grand Prix,hungaroring,2026-07-26,piastri,mclaren,3,20,R,0.0,55,Retired,0,mclaren,6.666666666666667,77.0,6.333333333333333,2.6666666666666665,-0.8076923076923077,0.0641025641025641,-0.5897435897435898,78
2026,12,Dutch Grand Prix,zandvoort,2026-08-23,piastri,mclaren,4,6,6,8.0,72,Finished,0,mclaren,12.0,77.0,8.0,4.666666666666667,-1.0379746835443038,0.0759493670886076,-0.7974683544303798,79
2026,13,Italian Grand Prix,monza,2026-09-06,piastri,mclaren,6,5,5,10.0,53,Finished,0,mclaren,10.333333333333334,85.0,6.666666666666667,5.666666666666667,-1.0875,0.075,-0.8125,80
2026,14,Spanish Grand Prix,madring,2026-09-13,piastri,mclaren,7,8,8,4.0,57,Finished,0,mclaren,10.333333333333334,95.0,6.166666666666667,10.174242424242424,-1.0864197530864197,0.07407407407407407,-0.7901234567901234,81
2026,1,Australian Grand Prix,albert_park,2026-03-08,russell,mercedes,1,1,1,25.0,58,Finished,1,mercedes,4.333333333333333,0.0,6.0,11.4,1.131578947368421,0.13157894736842105,-0.1513157894736842,152
2026,2,Chinese Grand Prix,shanghai,2026-03-15,russell,mercedes,2,2,2,18.0,56,Finished,1,mercedes,4.0,25.0,5.666666666666667,8.333333333333334,1.130718954248366,0.13071895424836602,-0.1503267973856209,153
2026,3,Japanese Grand Prix,suzuka,2026-03-29,russell,mercedes,2,4,4,12.0,53,Finished,0,mercedes,2.6666666666666665,43.0,4.333333333333333,8.6,1.1168831168831168,0.12987012987012986,-0.14935064935064934,154
2026,4,Miami Grand Prix,miami,2026-05-03,russell,mercedes,5,4,4,12.0,57,Finished,0,mercedes,2.3333333333333335,55.0,1.8333333333333333,5.0,1.0903225806451613,0.12903225806451613,-0.16129032258064516,155
2026,5,Canadian Grand Prix,villeneuve,2026-05-24,russell,mercedes,1,19,R,0.0,29,Retired,0,mercedes,3.3333333333333335,67.0,2.1666666666666665,8.6,1.064102564102564,0.1282051282051282,-0.15384615384615385,156
2026,6,Monaco Grand Prix,monaco,2026-06-07,russell,mercedes,6,12,12,0.0,78,Finished,0,mercedes,9.0,67.0,5.0,9.166666666666666,0.9426751592356688,0.1337579617834395,-0.267515923566879,157
2026,7,Barcelona Grand Prix,catalunya,2026-06-14,russell,mercedes,1,2,2,18.0,66,Finished,1,mercedes,11.666666666666666,67.0,6.333333333333333,8.857142857142858,0.8670886075949367,0.13291139240506328,-0.3037974683544304,158
2026,8,Austrian Grand Prix,red_bull_ring,2026-06-28,russell,mercedes,1,1,1,25.0,71,Finished,1,mercedes,11.0,85.0,8.5,10.666666666666666,0.949685534591195,0.1320754716981132,-0.3081761006289308,159
2026,9,British Grand Prix,silverstone,2026-07-05,russell,mercedes,4,2,2,18.0,52,Finished,1,mercedes,5.0,110.0,5.833333333333333,13.5,0.95625,0.13125,-0.30625,160
2026,10,Belgian Grand Prix,spa,2026-07-19,russell,mercedes,3,22,R,0.0,0,Retired,0,mercedes,1.6666666666666667,128.0,6.5,10.142857142857142,1.031055900621118,0.13043478260869565,-0.2919254658385093,161
2026,11,Hungarian Grand Prix,hungaroring,2026-07-26,russell,mercedes,6,7,7,6.0,70,Finished,0,mercedes,8.333333333333334,128.0,7.333333333333333,8.857142857142858,0.8950617283950617,0.13580246913580246,-0.4074074074074074,162
2026,12,Dutch Grand Prix,zandvoort,2026-08-23,russell,mercedes,2,3,3,15.0,72,Finished,1,mercedes,10.333333333333334,134.0,8.333333333333334,9.4,0.8650306748466258,0.13496932515337423,-0.4110429447852761,163
2026,13,Italian Grand Prix,monza,2026-09-06,russell,mercedes,2,2,2,18.0,53,Finished,1,mercedes,10.666666666666666,149.0,6.333333333333333,8.142857142857142,0.8536585365853658,0.13414634146341464,-0.4146341463414634,164
2026,14,Spanish Grand Prix,madring,2026-09-13,russell,mercedes,6,5,5,10.0,57,Finished,0,mercedes,4.0,167.0,3.0,10.174242424242424,0.8424242424242424,0.13333333333333333,-0.4121212121212121,165
2026,1,Australian Grand Prix,albert_park,2026-03-08,sainz,williams,21,15,15,0.0,56,Lapped,0,williams,7.0,0.0,10.666666666666666,11.88888888888889,0.14977973568281938,0.18340611353711792,-0.462882096069869,229
2026,2,Chinese Grand Prix,shanghai,2026-03-15,sainz,williams,17,9,9,2.0,55,Lapped,0,williams,10.333333333333334,0.0,11.666666666666666,9.571428571428571,0.13596491228070176,0.1826086956521739,-0.43478260869565216,230
2026,3,Japanese Grand Prix,suzuka,2026-03-29,sainz,williams,16,15,15,0.0,53,Finished,0,williams,12.333333333333334,2.0,12.333333333333334,11.555555555555555,0.13596491228070176,0.18181818181818182,-0.39826839826839827,231
2026,4,Miami Grand Prix,miami,2026-05-03,sainz,williams,13,9,9,2.0,57,Finished,0,williams,13.0,2.0,13.333333333333334,5.5,0.1572052401746725,0.1810344827586207,-0.3922413793103448,232
2026,5,Canadian Grand Prix,villeneuve,2026-05-24,sainz,williams,15,9,9,2.0,67,Lapped,0,williams,11.0,4.0,12.0,10.333333333333334,0.1608695652173913,0.18025751072961374,-0.37339055793991416,233
2026,6,Monaco Grand Prix,monaco,2026-06-07,sainz,williams,12,16,16,0.0,70,Retired,0,williams,11.0,6.0,14.0,6.5,0.21212121212121213,0.1794871794871795,-0.34615384615384615,234
2026,7,Barcelona Grand Prix,catalunya,2026-06-14,sainz,williams,16,12,12,0.0,64,Lapped,0,williams,11.333333333333334,6.0,12.166666666666666,7.181818181818182,0.17672413793103448,0.1829787234042553,-0.3617021276595745,235
2026,8,Austrian Grand Prix,red_bull_ring,2026-06-28,sainz,williams,17,20,R,0.0,23,Retired,0,williams,12.333333333333334,6.0,14.0,9.416666666666666,0.2017167381974249,0.18220338983050846,-0.3432203389830508,236
2026,9,British Grand Prix,silverstone,2026-07-05,sainz,williams,14,17,17,0.0,51,Lapped,0,williams,16.0,6.0,15.166666666666666,10.333333333333334,0.18803418803418803,0.18565400843881857,-0.35443037974683544,237
2026,10,Belgian Grand Prix,spa,2026-07-19,sainz,williams,19,16,16,0.0,44,Finished,0,williams,16.333333333333332,6.0,17.5,13.3,0.20425531914893616,0.18487394957983194,-0.36554621848739494,238
2026,11,Hungarian Grand Prix,hungaroring,2026-07-26,sainz,williams,18,18,18,0.0,68,Lapped,0,williams,17.666666666666668,6.0,17.666666666666668,8.181818181818182,0.19915254237288135,0.18410041841004185,-0.3514644351464435,239
2026,12,Dutch Grand Prix,zandvoort,2026-08-23,sainz,williams,17,16,16,0.0,70,Lapped,0,williams,17.0,6.0,17.333333333333332,7.6,0.1940928270042194,0.18333333333333332,-0.35,240
2026,13,Italian Grand Prix,monza,2026-09-06,sainz,williams,13,13,13,0.0,53,Finished,0,williams,16.666666666666668,6.0,16.5,8.909090909090908,0.19747899159663865,0.1825726141078838,-0.34439834024896265,241
2026,14,Spanish Grand Prix,madring,2026-09-13,sainz,williams,20,19,R,0.0,43,Retired,0,williams,15.666666666666666,6.0,16.333333333333332,10.174242424242424,0.21338912133891214,0.18181818181818182,-0.34297520661157027,242
2026,1,Australian Grand Prix,albert_park,2026-03-08,stroll,aston_martin,22,17,R,0.0,43,Lapped,0,aston_martin,15.0,0.0,11.5,9.571428571428571,-1.627659574468085,0.164021164021164,1.4126984126984128,189
2026,2,Chinese Grand Prix,shanghai,2026-03-15,stroll,aston_martin,20,18,R,0.0,9,Retired,0,aston_martin,14.666666666666666,0.0,12.5,14.0,-1.6137566137566137,0.1631578947368421,1.431578947368421,190
2026,3,Japanese Grand Prix,suzuka,2026-03-29,stroll,aston_martin,22,21,R,0.0,30,Retired,0,aston_martin,15.0,0.0,14.333333333333334,14.857142857142858,-1.6105263157894736,0.16753926701570682,1.4345549738219896,191
2026,4,Miami Grand Prix,miami,2026-05-03,stroll,aston_martin,18,17,17,0.0,56,Lapped,0,aston_martin,18.666666666666668,0.0,18.166666666666668,13.75,-1.617801047120419,0.171875,1.4322916666666667,192
2026,5,Canadian Grand Prix,villeneuve,2026-05-24,stroll,aston_martin,22,15,15,0.0,64,Lapped,0,aston_martin,18.666666666666668,0.0,17.666666666666668,11.571428571428571,-1.6197916666666667,0.17098445595854922,1.4300518134715026,193
2026,6,Monaco Grand Prix,monaco,2026-06-07,stroll,aston_martin,22,18,R,0.0,56,Retired,0,aston_martin,17.666666666666668,0.0,17.666666666666668,14.875,-1.5854922279792747,0.17010309278350516,1.458762886597938,194
2026,7,Barcelona Grand Prix,catalunya,2026-06-14,stroll,aston_martin,21,22,R,0.0,5,Retired,0,aston_martin,16.666666666666668,0.0,15.833333333333334,12.0,-1.6185567010309279,0.17435897435897435,1.471794871794872,195
2026,8,Austrian Grand Prix,red_bull_ring,2026-06-28,stroll,aston_martin,22,19,R,0.0,45,Retired,0,aston_martin,18.333333333333332,0.0,17.333333333333332,12.090909090909092,-1.6256410256410256,0.17857142857142858,1.4591836734693877,196
2026,9,British Grand Prix,silverstone,2026-07-05,stroll,aston_martin,22,19,19,0.0,51,Lapped,0,aston_martin,19.666666666666668,0.0,17.666666666666668,10.3,-1.6224489795918366,0.18274111675126903,1.467005076142132,197
2026,10,Belgian Grand Prix,spa,2026-07-19,stroll,aston_martin,20,20,R,0.0,25,Retired,0,aston_martin,20.0,0.0,19.166666666666668,12.0,-1.619289340101523,0.18181818181818182,1.4747474747474747,198
2026,11,Hungarian Grand Prix,hungaroring,2026-07-26,stroll,aston_martin,20,13,13,0.0,69,Lapped,0,aston_martin,19.333333333333332,0.0,18.833333333333332,12.11111111111111,-1.6161616161616161,0.18592964824120603,1.4673366834170853,199
2026,12,Dutch Grand Prix,zandvoort,2026-08-23,stroll,aston_martin,19,20,R,0.0,45,Retired,0,aston_martin,17.333333333333332,0.0,17.166666666666668,10.6,-1.6030150753768844,0.185,1.495,200
2026,13,Italian Grand Prix,monza,2026-09-06,stroll,aston_martin,18,20,R,0.0,26,Retired,0,aston_martin,17.666666666666668,0.0,15.833333333333334,12.11111111111111,-1.65,0.1890547263681592,1.4825870646766168,201
2026,14,Spanish Grand Prix,madring,2026-09-13,stroll,aston_martin,21,21,R,0.0,12,Retired,0,aston_martin,17.666666666666668,0.0,16.166666666666668,10.174242424242424,-1.63681592039801,0.19306930693069307,1.4653465346534653,202
2026,12,Dutch Grand Prix,zandvoort,2026-08-23,tsunoda,rb,12,11,11,0.0,71,Lapped,0,rb,12.0,0.0,8.666666666666666,16.0,-2.544642857142857,0.14285714285714285,-0.2767857142857143,112
2026,13,Italian Grand Prix,monza,2026-09-06,tsunoda,rb,15,10,10,1.0,53,Finished,0,rb,11.666666666666666,0.0,10.333333333333334,15.666666666666666,-2.5132743362831858,0.1415929203539823,-0.26548672566371684,113
2026,14,Spanish Grand Prix,madring,2026-09-13,tsunoda,rb,15,14,14,0.0,56,Lapped,0,rb,11.666666666666666,1.0,9.833333333333334,10.174242424242424,-2.508771929824561,0.14035087719298245,-0.21929824561403508,114
